Country Name,Country Code,Indicator Name,Indicator Code,1960,1961,1962,1963,1964,1965,1966,1967,1968,1969,1970,1971,1972,1973,1974,1975,1976,1977,1978,1979,1980,1981,1982,1983,1984,1985,1986,1987,1988,1989,1990,1991,1992,1993,1994,1995,1996,1997,1998,1999,2000,2001,2002,2003,2004,2005,2006,2007,2008,2009,2010,2011,2012,2013,2014,2015,2016,2017,2018,2019
Aruba,ABW,Income share held by highest 10%,SI.DST.10TH.10,,,,,,,,,,,,,,,,,,,,,,,,,,,,,,,,,,,,,,,,,,,,,,,,,,,,,,,,,,,,
Afghanistan,AFG,Income share held by highest 10%,SI.DST.10TH.10,,,,,,,,,,,,,,,,,,,,,,,,,,,,,,,,,,,,,,,,,,,,,,,,,,,,,,,,,,,,
Angola,AGO,Income share held by highest 10%,SI.DST.10TH.10,,,,,,,,,,,,,,,,,,,,,,,,,,,,,,,,,,,,,,,,,40.2,,,,,,,,32.3,,,,,,,,,,39.6,
Albania,ALB,Income share held by highest 10%,SI.DST.10TH.10,,,,,,,,,,,,,,,,,,,,,,,,,,,,,,,,,,,,,21.2,,,,,,25.4,,,24.3,,,24.5,,,,22.9,,25.5,24.9,25,24.8,,
Andorra,AND,Income share held by highest 10%,SI.DST.10TH.10,,,,,,,,,,,,,,,,,,,,,,,,,,,,,,,,,,,,,,,,,,,,,,,,,,,,,,,,,,,,
Arab World,ARB,Income share held by highest 10%,SI.DST.10TH.10,,,,,,,,,,,,,,,,,,,,,,,,,,,,,,,,,,,,,,,,,,,,,,,,,,,,,,,,,,,,
United Arab Emirates,ARE,Income share held by highest 10%,SI.DST.10TH.10,,,,,,,,,,,,,,,,,,,,,,,,,,,,,,,,,,,,,,,,,,,,,,,,,,,,,,,21.4,,,,,
Argentina,ARG,Income share held by highest 10%,SI.DST.10TH.10,,,,,,,,,,,,,,,,,,,,,30.2,,,,,,32.4,34.4,,,,36.6,34.3,33.2,34.4,37,36.9,36.4,38.1,37,37.7,39.5,40.5,37.8,35.3,35,33.9,33.8,32.5,31.4,32,31,29.7,29.4,29.9,,30.3,29.7,29.9,
Armenia,ARM,Income share held by highest 10%,SI.DST.10TH.10,,,,,,,,,,,,,,,,,,,,,,,,,,,,,,,,,,,,,,,,29.6,,29.1,29,28.2,31.7,30.8,24.5,25.1,23.7,22.9,25,24,24.5,24.7,25.7,26.7,25.3,28.4,29.2,
American Samoa,ASM,Income share held by highest 10%,SI.DST.10TH.10,,,,,,,,,,,,,,,,,,,,,,,,,,,,,,,,,,,,,,,,,,,,,,,,,,,,,,,,,,,,
Antigua and Barbuda,ATG,Income share held by highest 10%,SI.DST.10TH.10,,,,,,,,,,,,,,,,,,,,,,,,,,,,,,,,,,,,,,,,,,,,,,,,,,,,,,,,,,,,
Australia,AUS,Income share held by highest 10%,SI.DST.10TH.10,,,,,,,,,,,,,,,,,,,,,,23.3,,,,24.3,,,,24.7,,,,,,24.6,,,,,,25.1,,25.1,25.3,,,,27.4,,26.5,,,,27,,,,,
Austria,AUT,Income share held by highest 10%,SI.DST.10TH.10,,,,,,,,,,,,,,,,,,,,,,,,,,,,19.3,,,,,,,24.6,22.4,,23.4,,,22.7,,,23.5,23.8,22.8,23.7,23.8,24.1,24.7,23.6,23.7,23.4,24.3,24.1,23.8,23.8,23,,
Azerbaijan,AZE,Income share held by highest 10%,SI.DST.10TH.10,,,,,,,,,,,,,,,,,,,,,,,,,,,,,,,,,,,,26.8,,,,,,29.5,23.2,23.6,24.4,24.2,,,,,,,,,,,,,,
Burundi,BDI,Income share held by highest 10%,SI.DST.10TH.10,,,,,,,,,,,,,,,,,,,,,,,,,,,,,,,,,26.6,,,,,,32.7,,,,,,,,28,,,,,,,31,,,,,,
Belgium,BEL,Income share held by highest 10%,SI.DST.10TH.10,,,,,,,,,,,,,,,,,,,,,,,,,,20.6,,,21.1,,,,20.1,,,22.8,,21.6,,,28.3,,,22.2,25.1,23.9,22.4,23.5,22.7,22.7,22.7,22.4,21.9,21.8,22.4,22.2,22.2,21.9,,
Benin,BEN,Income share held by highest 10%,SI.DST.10TH.10,,,,,,,,,,,,,,,,,,,,,,,,,,,,,,,,,,,,,,,,,,,,31.1,,,,,,,,34.5,,,,37.6,,,,
Burkina Faso,BFA,Income share held by highest 10%,SI.DST.10TH.10,,,,,,,,,,,,,,,,,,,,,,,,,,,,,,,,,,,39.5,,,,42.7,,,,,33.8,,,,,,32,,,,,29.6,,,,,
Bangladesh,BGD,Income share held by highest 10%,SI.DST.10TH.10,,,,,,,,,,,,,,,,,,,,,,,,21.9,,23.4,,,24.6,,,23.3,,,,28.1,,,,,27.9,,,,,28,,,,,26.9,,,,,,26.8,,,
Bulgaria,BGR,Income share held by highest 10%,SI.DST.10TH.10,,,,,,,,,,,,,,,,,,,,,,,,,,,,,,,,,24.7,,,,,,,,,,,,,,26.6,27.9,25.7,25.7,26.9,26,27.4,27.6,28.8,28.7,31.4,31.9,,
Bahrain,BHR,Income share held by highest 10%,SI.DST.10TH.10,,,,,,,,,,,,,,,,,,,,,,,,,,,,,,,,,,,,,,,,,,,,,,,,,,,,,,,,,,,,
"Bahamas, The",BHS,Income share held by highest 10%,SI.DST.10TH.10,,,,,,,,,,,,,,,,,,,,,,,,,,,,,,,,,,,,,,,,,,,,,,,,,,,,,,,,,,,,
Bosnia and Herzegovina,BIH,Income share held by highest 10%,SI.DST.10TH.10,,,,,,,,,,,,,,,,,,,,,,,,,,,,,,,,,,,,,,,,,,24.8,,,26.4,,,25.1,,,,25.1,,,,,,,,
Belarus,BLR,Income share held by highest 10%,SI.DST.10TH.10,,,,,,,,,,,,,,,,,,,,,,,,,,,,,,,,,,,,,,,24.9,24,24,24,24,22.6,21.4,21.8,22.4,23.6,22.3,22.6,22.9,21.9,21.8,22.1,22.6,21.2,21.3,21.3,21.4,
Belize,BLZ,Income share held by highest 10%,SI.DST.10TH.10,,,,,,,,,,,,,,,,,,,,,,,,,,,,,,,,,,51.1,52.5,,46.5,50.3,43.7,42.4,,,,,,,,,,,,,,,,,,,,
Bermuda,BMU,Income share held by highest 10%,SI.DST.10TH.10,,,,,,,,,,,,,,,,,,,,,,,,,,,,,,,,,,,,,,,,,,,,,,,,,,,,,,,,,,,,
Bolivia,BOL,Income share held by highest 10%,SI.DST.10TH.10,,,,,,,,,,,,,,,,,,,,,,,,,,,,,,,,,39.2,,,,,45.4,,42.6,47.8,44.2,46.6,,43.9,45.3,43.6,41.8,38.5,36.9,,33.7,33.7,35.2,36,34.8,32.1,31.7,30.4,
Brazil,BRA,Income share held by highest 10%,SI.DST.10TH.10,,,,,,,,,,,,,,,,,,,,,,45.9,46.2,46.8,46.5,42.5,46.6,47.4,49.2,51.1,48.1,,39.7,48.5,,47.5,47.4,47.4,47.6,47,,46.1,46.1,45.4,44.5,44.6,44.1,43.2,42.5,42.2,,41.7,42.6,41.8,41.2,40.9,42.1,42,42.5,
Barbados,BRB,Income share held by highest 10%,SI.DST.10TH.10,,,,,,,,,,,,,,,,,,,,,,,,,,,,,,,,,,,,,,,,,,,,,,,,,,,,,,,,,,,,
Brunei Darussalam,BRN,Income share held by highest 10%,SI.DST.10TH.10,,,,,,,,,,,,,,,,,,,,,,,,,,,,,,,,,,,,,,,,,,,,,,,,,,,,,,,,,,,,
Bhutan,BTN,Income share held by highest 10%,SI.DST.10TH.10,,,,,,,,,,,,,,,,,,,,,,,,,,,,,,,,,,,,,,,,,,,,32.2,,,,29.4,,,,,30.7,,,,,27.9,,
Botswana,BWA,Income share held by highest 10%,SI.DST.10TH.10,,,,,,,,,,,,,,,,,,,,,,,,,,42.9,,,,,,,,51.2,,,,,,,,,53.1,,,,,,,49.6,,,,,,41.5,,,,
Central African Republic,CAF,Income share held by highest 10%,SI.DST.10TH.10,,,,,,,,,,,,,,,,,,,,,,,,,,,,,,,,,47.7,,,,,,,,,,,33,,,,,46.2,,,,,,,,,,,
Canada,CAN,Income share held by highest 10%,SI.DST.10TH.10,,,,,,,,,,,,27,,,,24.6,,,,,,24.3,,,,,,23.8,,,,23.6,,,23.6,,,23.8,25.3,,25.5,,,,25.6,,,26,,,25.7,,,25.1,,,,,,
Central Europe and the Baltics,CEB,Income share held by highest 10%,SI.DST.10TH.10,,,,,,,,,,,,,,,,,,,,,,,,,,,,,,,,,,,,,,,,,,,,,,,,,,,,,,,,,,,,
Switzerland,CHE,Income share held by highest 10%,SI.DST.10TH.10,,,,,,,,,,,,,,,,,,,,,,,28.6,,,,,,,,,,26.4,,,,,,,,25.9,,24.1,,,,26,26.7,26.3,25.7,25.4,24.7,25,25.5,25.5,25.2,25.8,25.5,,
Channel Islands,CHI,Income share held by highest 10%,SI.DST.10TH.10,,,,,,,,,,,,,,,,,,,,,,,,,,,,,,,,,,,,,,,,,,,,,,,,,,,,,,,,,,,,
Chile,CHL,Income share held by highest 10%,SI.DST.10TH.10,,,,,,,,,,,,,,,,,,,,,,,,,,,,45.4,,,47.1,,45.2,,45.9,,44.4,,45,,42.6,,,41.4,,,37.9,,,38.2,,37.3,,37.4,,36.1,,36.3,,
China,CHN,Income share held by highest 10%,SI.DST.10TH.10,,,,,,,,,,,,,,,,,,,,,,,,,,,,,,,25.8,,,,,,27.3,,,29.4,,,31.3,,,30.8,,,32,,32.6,31.8,31.5,30.3,29.7,29.4,29.3,,,
Cote d'Ivoire,CIV,Income share held by highest 10%,SI.DST.10TH.10,,,,,,,,,,,,,,,,,,,,,,,,,,35.6,29.5,32,28.3,,,,29.5,,,32.8,,,30.1,,,,32.7,,,,,,32.6,,,,,,,31.9,,,,
Cameroon,CMR,Income share held by highest 10%,SI.DST.10TH.10,,,,,,,,,,,,,,,,,,,,,,,,,,,,,,,,,,,,,36.2,,,,,33.6,,,,,,33,,,,,,,35,,,,,
"Congo, Dem. Rep.",COD,Income share held by highest 10%,SI.DST.10TH.10,,,,,,,,,,,,,,,,,,,,,,,,,,,,,,,,,,,,,,,,,,,,,32.4,,,,,,,,32,,,,,,,
"Congo, Rep.",COG,Income share held by highest 10%,SI.DST.10TH.10,,,,,,,,,,,,,,,,,,,,,,,,,,,,,,,,,,,,,,,,,,,,,,36.9,,,,,,37.9,,,,,,,,
Colombia,COL,Income share held by highest 10%,SI.DST.10TH.10,,,,,,,,,,,,,,,,,,,,,,,,,,,,,,,,,40.5,,,,45.6,,,46.9,47,45.8,44.8,42.4,44.2,42.8,,,43.9,43,43.5,42.4,41.4,41.5,41.6,40,40,39,39.7,
Comoros,COM,Income share held by highest 10%,SI.DST.10TH.10,,,,,,,,,,,,,,,,,,,,,,,,,,,,,,,,,,,,,,,,,,,,,48.1,,,,,,,,,,33.7,,,,,
Cabo Verde,CPV,Income share held by highest 10%,SI.DST.10TH.10,,,,,,,,,,,,,,,,,,,,,,,,,,,,,,,,,,,,,,,,,,42.6,,,,,,37.1,,,,,,,,32.3,,,,
Costa Rica,CRI,Income share held by highest 10%,SI.DST.10TH.10,,,,,,,,,,,,,,,,,,,,,,33.7,,,,,23.1,,,33.7,33,34.3,33.7,33.7,35.3,33.8,34.3,33.8,34,35.9,35.7,39.8,40.5,37,36.5,35.8,38.5,38.9,37.7,39.4,37.1,37.1,37,37.4,36.9,36.8,37.3,37,36.3,
Caribbean small states,CSS,Income share held by highest 10%,SI.DST.10TH.10,,,,,,,,,,,,,,,,,,,,,,,,,,,,,,,,,,,,,,,,,,,,,,,,,,,,,,,,,,,,
Cuba,CUB,Income share held by highest 10%,SI.DST.10TH.10,,,,,,,,,,,,,,,,,,,,,,,,,,,,,,,,,,,,,,,,,,,,,,,,,,,,,,,,,,,,
Curacao,CUW,Income share held by highest 10%,SI.DST.10TH.10,,,,,,,,,,,,,,,,,,,,,,,,,,,,,,,,,,,,,,,,,,,,,,,,,,,,,,,,,,,,
Cayman Islands,CYM,Income share held by highest 10%,SI.DST.10TH.10,,,,,,,,,,,,,,,,,,,,,,,,,,,,,,,,,,,,,,,,,,,,,,,,,,,,,,,,,,,,
Cyprus,CYP,Income share held by highest 10%,SI.DST.10TH.10,,,,,,,,,,,,,,,,,,,,,,,,,,,,,,,,,,,,,,,,,,,,,24.3,24.9,26,25.5,26.2,26.2,25.7,26.7,28,30.9,28.8,27.5,26.8,25.5,,
Czech Republic,CZE,Income share held by highest 10%,SI.DST.10TH.10,,,,,,,,,,,,,,,,,,,,,,,,,,,,,,,,,19.6,23.6,,,22.1,,,,,,22.5,,23.1,22.9,22.6,22.3,22.9,22.4,22.4,22.2,22.2,22.6,22.1,22.1,21.9,21.5,,
Germany,DEU,Income share held by highest 10%,SI.DST.10TH.10,,,,,,,,,,,,,,,,,,,,,,,,,,,,,,,,22.9,,,23.1,22.9,,,22.3,,23,24.2,23.7,24,24.2,25.5,24.9,25.2,24.8,24.1,24,24.3,,24.6,,24.8,24.6,,,
Djibouti,DJI,Income share held by highest 10%,SI.DST.10TH.10,,,,,,,,,,,,,,,,,,,,,,,,,,,,,,,,,,,,,,,,,,,30.8,,,,,,,,,,34.4,34.1,,,,32.3,,
Dominica,DMA,Income share held by highest 10%,SI.DST.10TH.10,,,,,,,,,,,,,,,,,,,,,,,,,,,,,,,,,,,,,,,,,,,,,,,,,,,,,,,,,,,,
Denmark,DNK,Income share held by highest 10%,SI.DST.10TH.10,,,,,,,,,,,,,,,,,,,,,,,,,,,,21.6,,,,,20.5,,,19.8,,,,,20.1,,,21.4,20.7,21,21.8,22.1,21,21.8,22.5,22.7,23.1,23.7,23.6,23.8,23.7,24,,
Dominican Republic,DOM,Income share held by highest 10%,SI.DST.10TH.10,,,,,,,,,,,,,,,,,,,,,,,,,,,36.1,,,39.8,,,41.9,,,,36.5,37.9,,,40.2,39.2,38.3,41.7,41.7,39,41.2,38.6,37.8,38.7,36.5,37.5,36,37.9,33.4,34.9,35.4,33.5,35.2,
Algeria,DZA,Income share held by highest 10%,SI.DST.10TH.10,,,,,,,,,,,,,,,,,,,,,,,,,,,,,32.8,,,,,,,26.9,,,,,,,,,,,,,,,,22.9,,,,,,,,
East Asia & Pacific (excluding high income),EAP,Income share held by highest 10%,SI.DST.10TH.10,,,,,,,,,,,,,,,,,,,,,,,,,,,,,,,,,,,,,,,,,,,,,,,,,,,,,,,,,,,,
Early-demographic dividend,EAR,Income share held by highest 10%,SI.DST.10TH.10,,,,,,,,,,,,,,,,,,,,,,,,,,,,,,,,,,,,,,,,,,,,,,,,,,,,,,,,,,,,
East Asia & Pacific,EAS,Income share held by highest 10%,SI.DST.10TH.10,,,,,,,,,,,,,,,,,,,,,,,,,,,,,,,,,,,,,,,,,,,,,,,,,,,,,,,,,,,,
Europe & Central Asia (excluding high income),ECA,Income share held by highest 10%,SI.DST.10TH.10,,,,,,,,,,,,,,,,,,,,,,,,,,,,,,,,,,,,,,,,,,,,,,,,,,,,,,,,,,,,
Europe & Central Asia,ECS,Income share held by highest 10%,SI.DST.10TH.10,,,,,,,,,,,,,,,,,,,,,,,,,,,,,,,,,,,,,,,,,,,,,,,,,,,,,,,,,,,,
Ecuador,ECU,Income share held by highest 10%,SI.DST.10TH.10,,,,,,,,,,,,,,,,,,,,,,,,,,,,,,,,,,,42.5,,,,,47.9,45.9,,,41.9,42.4,41.2,41.1,42,38.1,37.1,37.5,34.1,34.6,35.7,34.4,34.9,34.3,33.8,34.4,
"Egypt, Arab Rep.",EGY,Income share held by highest 10%,SI.DST.10TH.10,,,,,,,,,,,,,,,,,,,,,,,,,,,,,,,26.7,,,,,26,,,,28.3,,,,,27.4,,,,27,,26.1,,24.7,,,27.8,,26.9,,
Euro area,EMU,Income share held by highest 10%,SI.DST.10TH.10,,,,,,,,,,,,,,,,,,,,,,,,,,,,,,,,,,,,,,,,,,,,,,,,,,,,,,,,,,,,
Eritrea,ERI,Income share held by highest 10%,SI.DST.10TH.10,,,,,,,,,,,,,,,,,,,,,,,,,,,,,,,,,,,,,,,,,,,,,,,,,,,,,,,,,,,,
Spain,ESP,Income share held by highest 10%,SI.DST.10TH.10,,,,,,,,,,,,,,,,,,,,,26.3,,,,,26.7,,,,,24.8,,,,,27.5,,,,,26.3,,,24,24.9,24.3,24.9,25.6,25.6,25.9,26,25.9,25.8,25.9,26,26.2,25.8,25.4,,
Estonia,EST,Income share held by highest 10%,SI.DST.10TH.10,,,,,,,,,,,,,,,,,,,,,,,,,,,,,,,,,,31.3,,,,,,,,,,28.4,25.9,26.2,26.9,24,24.9,24.4,24.3,24.8,25.2,26.6,26.3,24.4,23.1,22.5,,
Ethiopia,ETH,Income share held by highest 10%,SI.DST.10TH.10,,,,,,,,,,,,,,,,,,,,,,,,,,,,,,,,,,,,38,,,,25.5,,,,,25.6,,,,,,27.4,,,,,28.5,,,,
European Union,EUU,Income share held by highest 10%,SI.DST.10TH.10,,,,,,,,,,,,,,,,,,,,,,,,,,,,,,,,,,,,,,,,,,,,,,,,,,,,,,,,,,,,
Fragile and conflict affected situations,FCS,Income share held by highest 10%,SI.DST.10TH.10,,,,,,,,,,,,,,,,,,,,,,,,,,,,,,,,,,,,,,,,,,,,,,,,,,,,,,,,,,,,
Finland,FIN,Income share held by highest 10%,SI.DST.10TH.10,,,,,,,,,,,,,,,,,,,,,,,,,,,,19.2,,,,19.6,,,,20.5,,,,,22.7,,,23,23.2,23,23,23.3,23,22.6,22.5,22.8,22.3,22.3,22,22.4,22.4,22.6,,
Fiji,FJI,Income share held by highest 10%,SI.DST.10TH.10,,,,,,,,,,,,,,,,,,,,,,,,,,,,,,,,,,,,,,,,,,,29.6,,,,,,32.9,,,,,29.7,,,,,,
France,FRA,Income share held by highest 10%,SI.DST.10TH.10,,,,,,,,,,,,,,,,,,,27.2,,,,,,28.9,,,,,24.7,,,,,25.6,,,,,,24.4,,,25.2,24.5,23.9,23.5,26.2,26.7,26.1,27.1,26.9,26.9,26.4,26.1,26.6,25.9,25.8,,
Faroe Islands,FRO,Income share held by highest 10%,SI.DST.10TH.10,,,,,,,,,,,,,,,,,,,,,,,,,,,,,,,,,,,,,,,,,,,,,,,,,,,,,,,,,,,,
"Micronesia, Fed. Sts.",FSM,Income share held by highest 10%,SI.DST.10TH.10,,,,,,,,,,,,,,,,,,,,,,,,,,,,,,,,,,,,,,,,,,,,,,32.5,,,,,,,,29.7,,,,,,
Gabon,GAB,Income share held by highest 10%,SI.DST.10TH.10,,,,,,,,,,,,,,,,,,,,,,,,,,,,,,,,,,,,,,,,,,,,,,33.1,,,,,,,,,,,,27.7,,
United Kingdom,GBR,Income share held by highest 10%,SI.DST.10TH.10,,,,,,,,,,26.1,,,,,23.9,,,,,22.4,,,,,,,24.4,,,,,27.1,,,28,27.4,,,,28.4,,,,,27.8,26.1,26.7,28,26.4,26.5,26.8,25.3,24.6,25.3,26.2,25.4,26.8,,,
Georgia,GEO,Income share held by highest 10%,SI.DST.10TH.10,,,,,,,,,,,,,,,,,,,,,,,,,,,,,,,,,,,,,27.9,29.9,31.2,29.9,30.3,30,28.2,27.1,26.7,27.7,27.5,28.9,29.1,28.9,29.5,29.8,29.3,29.1,28.6,27.8,28.1,28.9,27.5,
Ghana,GHA,Income share held by highest 10%,SI.DST.10TH.10,,,,,,,,,,,,,,,,,,,,,,,,,,,,27.3,28.1,,,30.1,,,,,,,29.6,,,,,,,32.7,,,,,,,31.7,,,,32.2,,,
Gibraltar,GIB,Income share held by highest 10%,SI.DST.10TH.10,,,,,,,,,,,,,,,,,,,,,,,,,,,,,,,,,,,,,,,,,,,,,,,,,,,,,,,,,,,,
Guinea,GIN,Income share held by highest 10%,SI.DST.10TH.10,,,,,,,,,,,,,,,,,,,,,,,,,,,,,,,,31.7,,,36,,,,,,,,34,,,,,30.1,,,,,26.4,,,,,,,
"Gambia, The",GMB,Income share held by highest 10%,SI.DST.10TH.10,,,,,,,,,,,,,,,,,,,,,,,,,,,,,,,,,,,,,,,37.7,,,,,36.9,,,,,,,34.9,,,,,28.7,,,,
Guinea-Bissau,GNB,Income share held by highest 10%,SI.DST.10TH.10,,,,,,,,,,,,,,,,,,,,,,,,,,,,,,,,,,34.4,,,,,,,,,28.1,,,,,,,,42,,,,,,,,,
Equatorial Guinea,GNQ,Income share held by highest 10%,SI.DST.10TH.10,,,,,,,,,,,,,,,,,,,,,,,,,,,,,,,,,,,,,,,,,,,,,,,,,,,,,,,,,,,,
Greece,GRC,Income share held by highest 10%,SI.DST.10TH.10,,,,,,,,,,,,,,,,,,,,,,,,,,,,,,,,,,,,27.3,,,,,25.7,,,24.6,25.5,26.3,26.7,26,26,26,25.6,25.6,26.6,26.4,26.1,26.2,25.9,25.9,,
Grenada,GRD,Income share held by highest 10%,SI.DST.10TH.10,,,,,,,,,,,,,,,,,,,,,,,,,,,,,,,,,,,,,,,,,,,,,,,,,,,,,,,,,,,,
Greenland,GRL,Income share held by highest 10%,SI.DST.10TH.10,,,,,,,,,,,,,,,,,,,,,,,,,,,,,,,,,,,,,,,,,,,,,,,,,,,,,,,,,,,,
Guatemala,GTM,Income share held by highest 10%,SI.DST.10TH.10,,,,,,,,,,,,,,,,,,,,,,,,,,,46.7,,,46.8,,,,,,,,,,,43.9,,,,,,43.2,,,,,,,,38.1,,,,,
Guam,GUM,Income share held by highest 10%,SI.DST.10TH.10,,,,,,,,,,,,,,,,,,,,,,,,,,,,,,,,,,,,,,,,,,,,,,,,,,,,,,,,,,,,
Guyana,GUY,Income share held by highest 10%,SI.DST.10TH.10,,,,,,,,,,,,,,,,,,,,,,,,,,,,,,,,,,,,,,,34.1,,,,,,,,,,,,,,,,,,,,,
High income,HIC,Income share held by highest 10%,SI.DST.10TH.10,,,,,,,,,,,,,,,,,,,,,,,,,,,,,,,,,,,,,,,,,,,,,,,,,,,,,,,,,,,,
"Hong Kong SAR, China",HKG,Income share held by highest 10%,SI.DST.10TH.10,,,,,,,,,,,,,,,,,,,,,,,,,,,,,,,,,,,,,,,,,,,,,,,,,,,,,,,,,,,,
Honduras,HND,Income share held by highest 10%,SI.DST.10TH.10,,,,,,,,,,,,,,,,,,,,,,,,,,,,,,48.2,45.5,40.8,41.4,42.8,43.5,43.8,43.7,41.4,44.6,41.9,,41.8,42.7,45.1,44.9,46.1,44,43.1,43,38.4,40.2,44.3,44.1,40.2,38.1,37,37.6,37.7,39.1,
Heavily indebted poor countries (HIPC),HPC,Income share held by highest 10%,SI.DST.10TH.10,,,,,,,,,,,,,,,,,,,,,,,,,,,,,,,,,,,,,,,,,,,,,,,,,,,,,,,,,,,,
Croatia,HRV,Income share held by highest 10%,SI.DST.10TH.10,,,,,,,,,,,,,,,,,,,,,,,,,,,,,19.5,,,,,,,,,,,,,,,,,,,,,24.3,23.9,23.7,23.9,23.7,24,23.2,23.2,22.9,,
Haiti,HTI,Income share held by highest 10%,SI.DST.10TH.10,,,,,,,,,,,,,,,,,,,,,,,,,,,,,,,,,,,,,,,,,,,,,,,,,,,,,31.2,,,,,,,
Hungary,HUN,Income share held by highest 10%,SI.DST.10TH.10,,,,,,,,,,,,,,,,,,,,,,,,,,,,19,,21.6,,23.8,,24.2,26.2,,,,,24.6,,,,,24.2,28.1,22.8,22.3,22.1,21.5,23.1,23.2,23.9,24.4,24,23.8,23.8,23.9,,
IBRD only,IBD,Income share held by highest 10%,SI.DST.10TH.10,,,,,,,,,,,,,,,,,,,,,,,,,,,,,,,,,,,,,,,,,,,,,,,,,,,,,,,,,,,,
IDA & IBRD total,IBT,Income share held by highest 10%,SI.DST.10TH.10,,,,,,,,,,,,,,,,,,,,,,,,,,,,,,,,,,,,,,,,,,,,,,,,,,,,,,,,,,,,
IDA total,IDA,Income share held by highest 10%,SI.DST.10TH.10,,,,,,,,,,,,,,,,,,,,,,,,,,,,,,,,,,,,,,,,,,,,,,,,,,,,,,,,,,,,
IDA blend,IDB,Income share held by highest 10%,SI.DST.10TH.10,,,,,,,,,,,,,,,,,,,,,,,,,,,,,,,,,,,,,,,,,,,,,,,,,,,,,,,,,,,,
Indonesia,IDN,Income share held by highest 10%,SI.DST.10TH.10,,,,,,,,,,,,,,,,,,,,,,,,,26.3,,,25.6,,,26.2,,,27,,,28.8,,26,26.5,25.5,26.2,28.2,27.8,28.3,28.5,29.3,30.1,29.6,29.9,30,33.1,33.4,33.5,33,33.4,31.4,30.7,30.4,
IDA only,IDX,Income share held by highest 10%,SI.DST.10TH.10,,,,,,,,,,,,,,,,,,,,,,,,,,,,,,,,,,,,,,,,,,,,,,,,,,,,,,,,,,,,
Isle of Man,IMN,Income share held by highest 10%,SI.DST.10TH.10,,,,,,,,,,,,,,,,,,,,,,,,,,,,,,,,,,,,,,,,,,,,,,,,,,,,,,,,,,,,
India,IND,Income share held by highest 10%,SI.DST.10TH.10,,,,,,,,,,,,,,,,,,,,,,,,26.4,,,,27.4,,,,,,27.4,,,,,,,,,,,30.9,,,,,31.6,,31.7,,,,,,,,
Not classified,INX,Income share held by highest 10%,SI.DST.10TH.10,,,,,,,,,,,,,,,,,,,,,,,,,,,,,,,,,,,,,,,,,,,,,,,,,,,,,,,,,,,,
Ireland,IRL,Income share held by highest 10%,SI.DST.10TH.10,,,,,,,,,,,,,,,,,,,,,,,,,,,,27.2,,,,,,,29,28.6,27.6,,,,26.1,,,25.9,26.6,27,25.6,25.5,24.6,25.6,24.9,25.5,25.9,26.1,24.9,25.4,25.9,,,
"Iran, Islamic Rep.",IRN,Income share held by highest 10%,SI.DST.10TH.10,,,,,,,,,,,,,,,,,,,,,,,,,,,36.9,,,,33.5,,,,33.3,,,,33.7,,,,,,,33.3,34,,,31.3,,,,29,29.8,30.6,30.9,31.3,,
Iraq,IRQ,Income share held by highest 10%,SI.DST.10TH.10,,,,,,,,,,,,,,,,,,,,,,,,,,,,,,,,,,,,,,,,,,,,,,,23.6,,,,,,23.7,,,,,,,
Iceland,ISL,Income share held by highest 10%,SI.DST.10TH.10,,,,,,,,,,,,,,,,,,,,,,,,,,,,,,,,,,,,,,,,,,,,22.6,23.7,24.4,25.4,24.8,27.1,24,22,22.1,22.1,21.3,23.5,22.5,,,,
Israel,ISR,Income share held by highest 10%,SI.DST.10TH.10,,,,,,,,,,,,,,,,,,,,26.9,,,,,,,26.9,,,,,,26.9,,,,,28.2,,,,28.7,,,,30,,29.5,,,31.1,,29.6,,28.2,,27.7,,,
Italy,ITA,Income share held by highest 10%,SI.DST.10TH.10,,,,,,,,,,,,,,,,,,,,,,,,,,,24.7,25.5,,25.1,,24,,26.2,,26.2,,,27.6,,26.4,,,26.7,26.3,25.5,25.6,24.9,25.7,25.4,26.2,26.4,26.4,25.9,25.5,25.8,26,26.7,,
Jamaica,JAM,Income share held by highest 10%,SI.DST.10TH.10,,,,,,,,,,,,,,,,,,,,,,,,,,,,,33.7,,32.1,,,27.4,,,32.7,,,35,,,38,,35.8,,,,,,,,,,,,,,,
Jordan,JOR,Income share held by highest 10%,SI.DST.10TH.10,,,,,,,,,,,,,,,,,,,,,,,,,,,28.1,,,,,,35,,,,,29.8,,,,,29.5,,,,27.5,,26.6,,27.5,,,,,,,,,
Japan,JPN,Income share held by highest 10%,SI.DST.10TH.10,,,,,,,,,,,,,,,,,,,,,,,,,,,,,,,,,,,,,,,,,,,,,,,,,26.1,,25.7,,,26.4,,,,,,
Kazakhstan,KAZ,Income share held by highest 10%,SI.DST.10TH.10,,,,,,,,,,,,,,,,,,,,,,,,,,,,,,,,,,,,,26.3,,,,,27.1,26.8,25.8,25.1,29.7,24.9,24.6,23.6,23.1,23.1,23,22.9,22.5,22.6,22.6,22.7,23,,
Kenya,KEN,Income share held by highest 10%,SI.DST.10TH.10,,,,,,,,,,,,,,,,,,,,,,,,,,,,,,,,,47.9,,33.4,,,36.3,,,,,,,,36.8,,,,,,,,,,31.6,,,,
Kyrgyz Republic,KGZ,Income share held by highest 10%,SI.DST.10TH.10,,,,,,,,,,,,,,,,,,,,,,,,,,,,,,,,,,,,,,,35.3,,24.8,23.9,24,23.3,27.2,26.2,29.4,26.5,25.3,24.6,24.6,23.5,23.1,23.8,22.9,24.8,22.9,23.3,23.6,
Cambodia,KHM,Income share held by highest 10%,SI.DST.10TH.10,,,,,,,,,,,,,,,,,,,,,,,,,,,,,,,,,,,,,,,,,,,,,,,,,,,,,,,,,,,,
Kiribati,KIR,Income share held by highest 10%,SI.DST.10TH.10,,,,,,,,,,,,,,,,,,,,,,,,,,,,,,,,,,,,,,,,,,,,,,,29.3,,,,,,,,,,,,,
St. Kitts and Nevis,KNA,Income share held by highest 10%,SI.DST.10TH.10,,,,,,,,,,,,,,,,,,,,,,,,,,,,,,,,,,,,,,,,,,,,,,,,,,,,,,,,,,,,
"Korea, Rep.",KOR,Income share held by highest 10%,SI.DST.10TH.10,,,,,,,,,,,,,,,,,,,,,,,,,,,,,,,,,,,,,,,,,,,,,,,24,,24.5,,24.2,,23.8,,,,,,,
Kuwait,KWT,Income share held by highest 10%,SI.DST.10TH.10,,,,,,,,,,,,,,,,,,,,,,,,,,,,,,,,,,,,,,,,,,,,,,,,,,,,,,,,,,,,
Latin America & Caribbean (excluding high income),LAC,Income share held by highest 10%,SI.DST.10TH.10,,,,,,,,,,,,,,,,,,,,,,,,,,,,,,,,,,,,,,,,,,,,,,,,,,,,,,,,,,,,
Lao PDR,LAO,Income share held by highest 10%,SI.DST.10TH.10,,,,,,,,,,,,,,,,,,,,,,,,,,,,,,,,,28.1,,,,,29.1,,,,,27,,,,,29.3,,,,,29.8,,,,,,,
Lebanon,LBN,Income share held by highest 10%,SI.DST.10TH.10,,,,,,,,,,,,,,,,,,,,,,,,,,,,,,,,,,,,,,,,,,,,,,,,,,,,24.8,,,,,,,,
Liberia,LBR,Income share held by highest 10%,SI.DST.10TH.10,,,,,,,,,,,,,,,,,,,,,,,,,,,,,,,,,,,,,,,,,,,,,,,,28.3,,,,,,,26,,27.1,,,
Libya,LBY,Income share held by highest 10%,SI.DST.10TH.10,,,,,,,,,,,,,,,,,,,,,,,,,,,,,,,,,,,,,,,,,,,,,,,,,,,,,,,,,,,,
St. Lucia,LCA,Income share held by highest 10%,SI.DST.10TH.10,,,,,,,,,,,,,,,,,,,,,,,,,,,,,,,,,,,,32.5,,,,,,,,,,,,,,,,,,,,,38.6,,,
Latin America & Caribbean,LCN,Income share held by highest 10%,SI.DST.10TH.10,,,,,,,,,,,,,,,,,,,,,,,,,,,,,,,,,,,,,,,,,,,,,,,,,,,,,,,,,,,,
Least developed countries: UN classification,LDC,Income share held by highest 10%,SI.DST.10TH.10,,,,,,,,,,,,,,,,,,,,,,,,,,,,,,,,,,,,,,,,,,,,,,,,,,,,,,,,,,,,
Low income,LIC,Income share held by highest 10%,SI.DST.10TH.10,,,,,,,,,,,,,,,,,,,,,,,,,,,,,,,,,,,,,,,,,,,,,,,,,,,,,,,,,,,,
Liechtenstein,LIE,Income share held by highest 10%,SI.DST.10TH.10,,,,,,,,,,,,,,,,,,,,,,,,,,,,,,,,,,,,,,,,,,,,,,,,,,,,,,,,,,,,
Sri Lanka,LKA,Income share held by highest 10%,SI.DST.10TH.10,,,,,,,,,,,,,,,,,,,,,,,,,,26.4,,,,,27.5,,,,,29,,,,,,,33.2,,,,32.8,,,29.9,,,32.2,,,,32.9,,,
Lower middle income,LMC,Income share held by highest 10%,SI.DST.10TH.10,,,,,,,,,,,,,,,,,,,,,,,,,,,,,,,,,,,,,,,,,,,,,,,,,,,,,,,,,,,,
Low & middle income,LMY,Income share held by highest 10%,SI.DST.10TH.10,,,,,,,,,,,,,,,,,,,,,,,,,,,,,,,,,,,,,,,,,,,,,,,,,,,,,,,,,,,,
Lesotho,LSO,Income share held by highest 10%,SI.DST.10TH.10,,,,,,,,,,,,,,,,,,,,,,,,,,,43.6,,,,,,,,48.3,,,,,,,,38.3,,,,,,,,,,,,,,,32.9,,
Late-demographic dividend,LTE,Income share held by highest 10%,SI.DST.10TH.10,,,,,,,,,,,,,,,,,,,,,,,,,,,,,,,,,,,,,,,,,,,,,,,,,,,,,,,,,,,,
Lithuania,LTU,Income share held by highest 10%,SI.DST.10TH.10,,,,,,,,,,,,,,,,,,,,,,,,,,,,,,,,,,28,,,,,,,,,,,27.9,27.2,26.8,26.8,27.6,27.6,24.8,24.5,26.8,27.1,28.9,28.6,29.5,28.4,,
Luxembourg,LUX,Income share held by highest 10%,SI.DST.10TH.10,,,,,,,,,,,,,,,,,,,,,,,,,,21.5,,,,,,22.2,,,21.9,,,23.8,,,23.9,,,23.7,23.7,24.3,24.3,25.1,25.8,24.2,23.7,24.4,26.4,24.2,24.3,25.4,24.7,25.8,,
Latvia,LVA,Income share held by highest 10%,SI.DST.10TH.10,,,,,,,,,,,,,,,,,,,,,,,,,,,,,,,,,,22.1,,25.1,25.7,,,,,,,,28.5,30,26.8,28.3,27.7,26.9,26.2,27.3,26.6,26.8,26.7,26.2,25.8,26.9,,
"Macao SAR, China",MAC,Income share held by highest 10%,SI.DST.10TH.10,,,,,,,,,,,,,,,,,,,,,,,,,,,,,,,,,,,,,,,,,,,,,,,,,,,,,,,,,,,,
St. Martin (French part),MAF,Income share held by highest 10%,SI.DST.10TH.10,,,,,,,,,,,,,,,,,,,,,,,,,,,,,,,,,,,,,,,,,,,,,,,,,,,,,,,,,,,,
Morocco,MAR,Income share held by highest 10%,SI.DST.10TH.10,,,,,,,,,,,,,,,,,,,,,,,,,31.8,,,,,,30.5,,,,,,,,31.1,,32.1,,,,,,33.1,,,,,,,31.9,,,,,,
Monaco,MCO,Income share held by highest 10%,SI.DST.10TH.10,,,,,,,,,,,,,,,,,,,,,,,,,,,,,,,,,,,,,,,,,,,,,,,,,,,,,,,,,,,,
Moldova,MDA,Income share held by highest 10%,SI.DST.10TH.10,,,,,,,,,,,,,,,,,,,,,,,,,,,,,,,,,,,,,,28.1,30.1,34.4,28.5,29.8,27.5,27.7,27.7,28.5,27.4,26.8,27.1,25,25.4,24.5,23.6,23.3,22.1,22.5,22.7,21.7,22,
Madagascar,MDG,Income share held by highest 10%,SI.DST.10TH.10,,,,,,,,,,,,,,,,,,,,,37,,,,,,,,,,,,,37,,,,30.1,,28.9,,36.6,,,,32.4,,,,,34.3,,33.5,,,,,,,
Maldives,MDV,Income share held by highest 10%,SI.DST.10TH.10,,,,,,,,,,,,,,,,,,,,,,,,,,,,,,,,,,,,,,,,,,,34.8,,,,,,,29.9,,,,,,,25.2,,,
Middle East & North Africa,MEA,Income share held by highest 10%,SI.DST.10TH.10,,,,,,,,,,,,,,,,,,,,,,,,,,,,,,,,,,,,,,,,,,,,,,,,,,,,,,,,,,,,
Mexico,MEX,Income share held by highest 10%,SI.DST.10TH.10,,,,,,,,,,,,,,,,,,,,,,,,,,,,,,43.6,,,43.1,,43.4,,43.1,,41.8,,42,,39.6,,39.6,39.6,38.9,,39.1,,37.1,,38.9,,39.5,,36.9,,36.4,
Marshall Islands,MHL,Income share held by highest 10%,SI.DST.10TH.10,,,,,,,,,,,,,,,,,,,,,,,,,,,,,,,,,,,,,,,,,,,,,,,,,,,,,,,,,,,,
Middle income,MIC,Income share held by highest 10%,SI.DST.10TH.10,,,,,,,,,,,,,,,,,,,,,,,,,,,,,,,,,,,,,,,,,,,,,,,,,,,,,,,,,,,,
North Macedonia,MKD,Income share held by highest 10%,SI.DST.10TH.10,,,,,,,,,,,,,,,,,,,,,,,,,,,,,,,,,,,,,,,,,,,,,,,,,,30.7,27.1,26.9,26.5,25.4,24.9,24.8,24.1,23.8,,
Mali,MLI,Income share held by highest 10%,SI.DST.10TH.10,,,,,,,,,,,,,,,,,,,,,,,,,,,,,,,,,,,40.4,,,,,,,30.1,,,,,30.2,,,25.7,,,,,,,,,,
Malta,MLT,Income share held by highest 10%,SI.DST.10TH.10,,,,,,,,,,,,,,,,,,,,,,,,,,,,,,,,,,,,,,,,,,,,,,,22.1,22.6,22.5,23.8,22.7,23.2,23.4,23.2,23.3,23.6,23.1,23.3,,
Myanmar,MMR,Income share held by highest 10%,SI.DST.10TH.10,,,,,,,,,,,,,,,,,,,,,,,,,,,,,,,,,,,,,,,,,,,,,,,,,,,,,,,,31.7,,25.5,,
Middle East & North Africa (excluding high income),MNA,Income share held by highest 10%,SI.DST.10TH.10,,,,,,,,,,,,,,,,,,,,,,,,,,,,,,,,,,,,,,,,,,,,,,,,,,,,,,,,,,,,
Montenegro,MNE,Income share held by highest 10%,SI.DST.10TH.10,,,,,,,,,,,,,,,,,,,,,,,,,,,,,,,,,,,,,,,,,,,,,,,,,,,,,28.7,27.2,26.9,27.7,,,,
Mongolia,MNG,Income share held by highest 10%,SI.DST.10TH.10,,,,,,,,,,,,,,,,,,,,,,,,,,,,,,,,,,,,25,,,22.9,,,,24.6,,,,,27.8,,,25.7,26.6,26.2,,25.5,,25.6,,25.7,
Northern Mariana Islands,MNP,Income share held by highest 10%,SI.DST.10TH.10,,,,,,,,,,,,,,,,,,,,,,,,,,,,,,,,,,,,,,,,,,,,,,,,,,,,,,,,,,,,
Mozambique,MOZ,Income share held by highest 10%,SI.DST.10TH.10,,,,,,,,,,,,,,,,,,,,,,,,,,,,,,,,,,,,,43.8,,,,,,39.4,,,,,,36.8,,,,,,45.5,,,,,
Mauritania,MRT,Income share held by highest 10%,SI.DST.10TH.10,,,,,,,,,,,,,,,,,,,,,,,,,,,,32,,,,,,42.5,,28.7,,,,,29.5,,,,32.6,,,,26.2,,,,,,24.9,,,,,
Mauritius,MUS,Income share held by highest 10%,SI.DST.10TH.10,,,,,,,,,,,,,,,,,,,,,,,,,,,,,,,,,,,,,,,,,,,,,,,28.7,,,,,,31.6,,,,,29.9,,
Malawi,MWI,Income share held by highest 10%,SI.DST.10TH.10,,,,,,,,,,,,,,,,,,,,,,,,,,,,,,,,,,,,,,61.5,,,,,,,32.8,,,,,,36.9,,,,,,38.1,,,
Malaysia,MYS,Income share held by highest 10%,SI.DST.10TH.10,,,,,,,,,,,,,,,,,,,,,,,,,38.5,,,36.9,,36.4,,,37,,,37.9,,38.4,,,,,,,34.7,,,34.7,34.2,,,33.2,,31.8,,31.3,,,,
North America,NAC,Income share held by highest 10%,SI.DST.10TH.10,,,,,,,,,,,,,,,,,,,,,,,,,,,,,,,,,,,,,,,,,,,,,,,,,,,,,,,,,,,,
Namibia,NAM,Income share held by highest 10%,SI.DST.10TH.10,,,,,,,,,,,,,,,,,,,,,,,,,,,,,,,,,,,,,,,,,,,,54.8,,,,,,51.8,,,,,,47.3,,,,
New Caledonia,NCL,Income share held by highest 10%,SI.DST.10TH.10,,,,,,,,,,,,,,,,,,,,,,,,,,,,,,,,,,,,,,,,,,,,,,,,,,,,,,,,,,,,
Niger,NER,Income share held by highest 10%,SI.DST.10TH.10,,,,,,,,,,,,,,,,,,,,,,,,,,,,,,,,,29.4,,32.5,,,,,,,,,,,36.2,,31.4,,,,26.4,,,27,,,,,
Nigeria,NGA,Income share held by highest 10%,SI.DST.10TH.10,,,,,,,,,,,,,,,,,,,,,,,,,,28.2,,,,,,,31.4,,,,40.7,,,,,,,29.8,,,,,,32.7,,,,,,,,,,
Nicaragua,NIC,Income share held by highest 10%,SI.DST.10TH.10,,,,,,,,,,,,,,,,,,,,,,,,,,,,,,,,,,44.2,,,,,43.4,,,42.9,,,,39.6,,,,34.2,,,,,37.2,,,,,
Netherlands,NLD,Income share held by highest 10%,SI.DST.10TH.10,,,,,,,,,,,,,,,,,,,,,,,,22.6,,,,22,,,24.5,,,22.8,,,,,,21.8,,,,,23.7,23.4,24.7,24.1,23.7,22.4,22.4,22.6,22.5,22.8,23.3,23,22.9,23.3,,
Norway,NOR,Income share held by highest 10%,SI.DST.10TH.10,,,,,,,,,,,,,,,,,,,,21.8,,,,,,,20.5,,,,,21.2,,,,21.7,,,,,23.2,,,23.3,27.2,26.3,21.2,22.2,21.8,21.3,21,20.5,20.9,21.3,21.6,22.3,23.1,21.6,,
Nepal,NPL,Income share held by highest 10%,SI.DST.10TH.10,,,,,,,,,,,,,,,,,,,,,,,,,,,,,,,,,,,,29,,,,,,,,36.9,,,,,,,26.4,,,,,,,,,
Nauru,NRU,Income share held by highest 10%,SI.DST.10TH.10,,,,,,,,,,,,,,,,,,,,,,,,,,,,,,,,,,,,,,,,,,,,,,,,,,,,,,,,,,,,
New Zealand,NZL,Income share held by highest 10%,SI.DST.10TH.10,,,,,,,,,,,,,,,,,,,,,,,,,,,,,,,,,,,,,,,,,,,,,,,,,,,,,,,,,,,,
OECD members,OED,Income share held by highest 10%,SI.DST.10TH.10,,,,,,,,,,,,,,,,,,,,,,,,,,,,,,,,,,,,,,,,,,,,,,,,,,,,,,,,,,,,
Oman,OMN,Income share held by highest 10%,SI.DST.10TH.10,,,,,,,,,,,,,,,,,,,,,,,,,,,,,,,,,,,,,,,,,,,,,,,,,,,,,,,,,,,,
Other small states,OSS,Income share held by highest 10%,SI.DST.10TH.10,,,,,,,,,,,,,,,,,,,,,,,,,,,,,,,,,,,,,,,,,,,,,,,,,,,,,,,,,,,,
Pakistan,PAK,Income share held by highest 10%,SI.DST.10TH.10,,,,,,,,,,,,,,,,,,,,,,,,,,,,27.6,,,27.1,,,,,,25.2,,28.5,,,26.2,,,27.5,28.4,,27.1,,,25.8,26.8,,26,,28.9,,,,
Panama,PAN,Income share held by highest 10%,SI.DST.10TH.10,,,,,,,,,,,,,,,,,,,,36,,,,,,,,,,42.9,,42.5,,,,43.2,,44.1,43.4,42.5,43.4,42.8,43.1,42.3,41.3,40.2,41.1,39.7,40.7,40.1,39.7,39.7,39.7,39.6,38.5,39,37.9,37.7,37.1,
Peru,PER,Income share held by highest 10%,SI.DST.10TH.10,,,,,,,,,,,,,,,,,,,,,,,,,,,,,,,,,,,,,,41.2,44.5,44.9,36.8,39.2,42.1,42.2,37.9,38.5,38.2,37.8,35.4,35.2,34.2,33.5,33.3,32.7,32.2,32.6,32.6,32.3,32.1,
Philippines,PHL,Income share held by highest 10%,SI.DST.10TH.10,,,,,,,,,,,,,,,,,,,,,,,,,,,,,,,,,,,,,,,,,37.7,,,36.6,,,36.6,,,36.3,,,36.3,,,34.8,,,,
Palau,PLW,Income share held by highest 10%,SI.DST.10TH.10,,,,,,,,,,,,,,,,,,,,,,,,,,,,,,,,,,,,,,,,,,,,,,,,,,,,,,,,,,,,
Papua New Guinea,PNG,Income share held by highest 10%,SI.DST.10TH.10,,,,,,,,,,,,,,,,,,,,,,,,,,,,,,,,,,,,,34.5,,,,,,,,,,,,,31,,,,,,,,,,
Poland,POL,Income share held by highest 10%,SI.DST.10TH.10,,,,,,,,,,,,,,,,,,,,,,,,,,20.9,21.8,21.2,,21.6,,,23.2,,,26.6,,,,24.9,,,,,28.2,26.8,26.4,26.4,26.1,25.8,25.8,25.5,25.3,25.4,25.2,24.2,24.6,23.5,,
Pre-demographic dividend,PRE,Income share held by highest 10%,SI.DST.10TH.10,,,,,,,,,,,,,,,,,,,,,,,,,,,,,,,,,,,,,,,,,,,,,,,,,,,,,,,,,,,,
Puerto Rico,PRI,Income share held by highest 10%,SI.DST.10TH.10,,,,,,,,,,,,,,,,,,,,,,,,,,,,,,,,,,,,,,,,,,,,,,,,,,,,,,,,,,,,
"Korea, Dem. People’s Rep.",PRK,Income share held by highest 10%,SI.DST.10TH.10,,,,,,,,,,,,,,,,,,,,,,,,,,,,,,,,,,,,,,,,,,,,,,,,,,,,,,,,,,,,
Portugal,PRT,Income share held by highest 10%,SI.DST.10TH.10,,,,,,,,,,,,,,,,,,,,,,,,,,,,,,,,,,,,,,,,,,,,30.2,30.8,30.6,29.7,28.9,28.9,27.5,28.3,28.7,27.8,27.5,27.4,27.3,27.6,26.7,,
Paraguay,PRY,Income share held by highest 10%,SI.DST.10TH.10,,,,,,,,,,,,,,,,,,,,,,,,,,,,,,,30.8,,,,,46.1,,41.4,,42.1,,43.1,46.2,44.1,42,40.4,42.4,42.5,40.1,38.1,40.5,41.4,36.9,37.3,40.7,36.7,37.3,39.2,35.9,
West Bank and Gaza,PSE,Income share held by highest 10%,SI.DST.10TH.10,,,,,,,,,,,,,,,,,,,,,,,,,,,,,,,,,,,,,,,,,,,,,26.5,26.7,27.1,27.6,,27.4,27.8,27.2,,,,,25.2,,,
Pacific island small states,PSS,Income share held by highest 10%,SI.DST.10TH.10,,,,,,,,,,,,,,,,,,,,,,,,,,,,,,,,,,,,,,,,,,,,,,,,,,,,,,,,,,,,
Post-demographic dividend,PST,Income share held by highest 10%,SI.DST.10TH.10,,,,,,,,,,,,,,,,,,,,,,,,,,,,,,,,,,,,,,,,,,,,,,,,,,,,,,,,,,,,
French Polynesia,PYF,Income share held by highest 10%,SI.DST.10TH.10,,,,,,,,,,,,,,,,,,,,,,,,,,,,,,,,,,,,,,,,,,,,,,,,,,,,,,,,,,,,
Qatar,QAT,Income share held by highest 10%,SI.DST.10TH.10,,,,,,,,,,,,,,,,,,,,,,,,,,,,,,,,,,,,,,,,,,,,,,,,,,,,,,,,,,,,
Romania,ROU,Income share held by highest 10%,SI.DST.10TH.10,,,,,,,,,,,,,,,,,,,,,,,,,,,,,,19.2,,,20.2,,22.7,24.7,,24.4,,,,,,,,,29,27.4,26.5,25.7,25,24.9,25.5,25.4,24.5,24.8,23.7,24.9,,
Russian Federation,RUS,Income share held by highest 10%,SI.DST.10TH.10,,,,,,,,,,,,,,,,,,,,,,,,,,,,,,,,,,38.3,,,35.6,29.4,28.6,27.7,27.6,27.9,28.1,30.3,30.5,31.4,31.3,32.8,32.5,31.1,30.6,31.1,32.2,32.4,31.9,29.7,28.6,29.2,29.9,
Rwanda,RWA,Income share held by highest 10%,SI.DST.10TH.10,,,,,,,,,,,,,,,,,,,,,,,,,,,,,,,,,,,,,,,,,40.8,,,,,43.9,,,,,39.8,,,37.9,,,35.6,,,
South Asia,SAS,Income share held by highest 10%,SI.DST.10TH.10,,,,,,,,,,,,,,,,,,,,,,,,,,,,,,,,,,,,,,,,,,,,,,,,,,,,,,,,,,,,
Saudi Arabia,SAU,Income share held by highest 10%,SI.DST.10TH.10,,,,,,,,,,,,,,,,,,,,,,,,,,,,,,,,,,,,,,,,,,,,,,,,,,,,,,,,,,,,
Sudan,SDN,Income share held by highest 10%,SI.DST.10TH.10,,,,,,,,,,,,,,,,,,,,,,,,,,,,,,,,,,,,,,,,,,,,,,,,,,26.7,,,,,27.8,,,,,
Senegal,SEN,Income share held by highest 10%,SI.DST.10TH.10,,,,,,,,,,,,,,,,,,,,,,,,,,,,,,,,42.8,,,33.9,,,,,,,33.4,,,,30,,,,,,31,,,,,,,,
Singapore,SGP,Income share held by highest 10%,SI.DST.10TH.10,,,,,,,,,,,,,,,,,,,,,,,,,,,,,,,,,,,,,,,,,,,,,,,,,,,,,,,,,,,,
Solomon Islands,SLB,Income share held by highest 10%,SI.DST.10TH.10,,,,,,,,,,,,,,,,,,,,,,,,,,,,,,,,,,,,,,,,,,,,,,35.7,,,,,,,,29.2,,,,,,
Sierra Leone,SLE,Income share held by highest 10%,SI.DST.10TH.10,,,,,,,,,,,,,,,,,,,,,,,,,,,,,,,,,,,,,,,,,,,,32,,,,,,,,26.9,,,,,,,29.4,
El Salvador,SLV,Income share held by highest 10%,SI.DST.10TH.10,,,,,,,,,,,,,,,,,,,,,,,,,,,,,,,,41.4,,,,38.8,39.4,,40.5,38.6,39,38.6,38.8,37.2,35.6,36.8,35.6,35.7,36.1,36,33.2,32.8,32.6,34.2,32.2,31.8,30.7,29.1,29.4,
San Marino,SMR,Income share held by highest 10%,SI.DST.10TH.10,,,,,,,,,,,,,,,,,,,,,,,,,,,,,,,,,,,,,,,,,,,,,,,,,,,,,,,,,,,,
Somalia,SOM,Income share held by highest 10%,SI.DST.10TH.10,,,,,,,,,,,,,,,,,,,,,,,,,,,,,,,,,,,,,,,,,,,,,,,,,,,,,,,,,,,,
Serbia,SRB,Income share held by highest 10%,SI.DST.10TH.10,,,,,,,,,,,,,,,,,,,,,,,,,,,,,,,,,,,,,,,,,,,,,,,,,,,,,28.7,28.2,28.6,29.2,27.3,25.6,,
Sub-Saharan Africa (excluding high income),SSA,Income share held by highest 10%,SI.DST.10TH.10,,,,,,,,,,,,,,,,,,,,,,,,,,,,,,,,,,,,,,,,,,,,,,,,,,,,,,,,,,,,
South Sudan,SSD,Income share held by highest 10%,SI.DST.10TH.10,,,,,,,,,,,,,,,,,,,,,,,,,,,,,,,,,,,,,,,,,,,,,,,,,,33.2,,,,,,,,,,
Sub-Saharan Africa,SSF,Income share held by highest 10%,SI.DST.10TH.10,,,,,,,,,,,,,,,,,,,,,,,,,,,,,,,,,,,,,,,,,,,,,,,,,,,,,,,,,,,,
Small states,SST,Income share held by highest 10%,SI.DST.10TH.10,,,,,,,,,,,,,,,,,,,,,,,,,,,,,,,,,,,,,,,,,,,,,,,,,,,,,,,,,,,,
Sao Tome and Principe,STP,Income share held by highest 10%,SI.DST.10TH.10,,,,,,,,,,,,,,,,,,,,,,,,,,,,,,,,,,,,,,,,,24.5,,,,,,,,,,24.2,,,,,,,49.2,,
Suriname,SUR,Income share held by highest 10%,SI.DST.10TH.10,,,,,,,,,,,,,,,,,,,,,,,,,,,,,,,,,,,,,,,,42.7,,,,,,,,,,,,,,,,,,,,
Slovak Republic,SVK,Income share held by highest 10%,SI.DST.10TH.10,,,,,,,,,,,,,,,,,,,,,,,,,,,,,,,,,18.6,,,,21.4,,,,,,,,22.1,24.9,21.8,20.8,21.4,21.8,21.9,21,20.5,22.2,20.3,20.9,19.9,,,
Slovenia,SVN,Income share held by highest 10%,SI.DST.10TH.10,,,,,,,,,,,,,,,,,,,,,,,,,,,,20.4,,,,,,24.5,,,,20.2,,20.3,,,,,20.6,20.6,20.4,20.4,20.1,20.6,20.7,20.8,21.1,21.4,21.2,21.1,20.6,20.4,,
Sweden,SWE,Income share held by highest 10%,SI.DST.10TH.10,,,,,,,,23.5,,,,,,,,19.4,,,,,,18.3,,,,,,19,,,,,20.1,,,20,,,,,22.1,,,20.1,21.1,21.1,21.1,21.7,22.4,21.5,21.8,21.6,21.6,22.2,22.2,22.9,23.3,22.3,,
Eswatini,SWZ,Income share held by highest 10%,SI.DST.10TH.10,,,,,,,,,,,,,,,,,,,,,,,,,,,,,,,,,,,49.5,,,,,,44.1,,,,,,,,,40,,,,,,,42.7,,,
Sint Maarten (Dutch part),SXM,Income share held by highest 10%,SI.DST.10TH.10,,,,,,,,,,,,,,,,,,,,,,,,,,,,,,,,,,,,,,,,,,,,,,,,,,,,,,,,,,,,
Seychelles,SYC,Income share held by highest 10%,SI.DST.10TH.10,,,,,,,,,,,,,,,,,,,,,,,,,,,,,,,,,,,,,,,,,,,,,,,,,,,,,,39.9,,,,,,
Syrian Arab Republic,SYR,Income share held by highest 10%,SI.DST.10TH.10,,,,,,,,,,,,,,,,,,,,,,,,,,,,,,,,,,,,,,,,,,,,,28.7,,,,,,,,,,,,,,,
Turks and Caicos Islands,TCA,Income share held by highest 10%,SI.DST.10TH.10,,,,,,,,,,,,,,,,,,,,,,,,,,,,,,,,,,,,,,,,,,,,,,,,,,,,,,,,,,,,
Chad,TCD,Income share held by highest 10%,SI.DST.10TH.10,,,,,,,,,,,,,,,,,,,,,,,,,,,,,,,,,,,,,,,,,,,,30.7,,,,,,,,32.4,,,,,,,,
East Asia & Pacific (IDA & IBRD countries),TEA,Income share held by highest 10%,SI.DST.10TH.10,,,,,,,,,,,,,,,,,,,,,,,,,,,,,,,,,,,,,,,,,,,,,,,,,,,,,,,,,,,,
Europe & Central Asia (IDA & IBRD countries),TEC,Income share held by highest 10%,SI.DST.10TH.10,,,,,,,,,,,,,,,,,,,,,,,,,,,,,,,,,,,,,,,,,,,,,,,,,,,,,,,,,,,,
Togo,TGO,Income share held by highest 10%,SI.DST.10TH.10,,,,,,,,,,,,,,,,,,,,,,,,,,,,,,,,,,,,,,,,,,,,,,,32.6,,,,,34.5,,,,31.6,,,,
Thailand,THA,Income share held by highest 10%,SI.DST.10TH.10,,,,,,,,,,,,,,,,,,,,,,35.5,,,,,,,35.3,,36.4,,38.6,,34.9,,34.3,,32.3,34.1,33.7,,33.2,,33.8,,32.5,30.8,31.1,30.6,30.7,29.9,30.4,29.2,28.7,28.4,28.9,28.4,28.1,
Tajikistan,TJK,Income share held by highest 10%,SI.DST.10TH.10,,,,,,,,,,,,,,,,,,,,,,,,,,,,,,,,,,,,,,,,23.3,,,,25.6,26.6,,,25.1,,24.1,,,,,,26.4,,,,
Turkmenistan,TKM,Income share held by highest 10%,SI.DST.10TH.10,,,,,,,,,,,,,,,,,,,,,,,,,,,,,,,,,,,,,,,31.7,,,,,,,,,,,,,,,,,,,,,
Latin America & the Caribbean (IDA & IBRD countries),TLA,Income share held by highest 10%,SI.DST.10TH.10,,,,,,,,,,,,,,,,,,,,,,,,,,,,,,,,,,,,,,,,,,,,,,,,,,,,,,,,,,,,
Timor-Leste,TLS,Income share held by highest 10%,SI.DST.10TH.10,,,,,,,,,,,,,,,,,,,,,,,,,,,,,,,,,,,,,,,,,,28.2,,,,,,22.9,,,,,,,24,,,,,
Middle East & North Africa (IDA & IBRD countries),TMN,Income share held by highest 10%,SI.DST.10TH.10,,,,,,,,,,,,,,,,,,,,,,,,,,,,,,,,,,,,,,,,,,,,,,,,,,,,,,,,,,,,
Tonga,TON,Income share held by highest 10%,SI.DST.10TH.10,,,,,,,,,,,,,,,,,,,,,,,,,,,,,,,,,,,,,,,,,,28.3,,,,,,,,28.9,,,,,,29.7,,,,
South Asia (IDA & IBRD),TSA,Income share held by highest 10%,SI.DST.10TH.10,,,,,,,,,,,,,,,,,,,,,,,,,,,,,,,,,,,,,,,,,,,,,,,,,,,,,,,,,,,,
Sub-Saharan Africa (IDA & IBRD countries),TSS,Income share held by highest 10%,SI.DST.10TH.10,,,,,,,,,,,,,,,,,,,,,,,,,,,,,,,,,,,,,,,,,,,,,,,,,,,,,,,,,,,,
Trinidad and Tobago,TTO,Income share held by highest 10%,SI.DST.10TH.10,,,,,,,,,,,,,,,,,,,,,,,,,,,,,31.1,,,,29.9,,,,,,,,,,,,,,,,,,,,,,,,,,,
Tunisia,TUN,Income share held by highest 10%,SI.DST.10TH.10,,,,,,,,,,,,,,,,,,,,,,,,,,34.1,,,,,30.7,,,,,31.7,,,,,31.6,,,,,29.1,,,,,27,,,,,25.6,,,,
Turkey,TUR,Income share held by highest 10%,SI.DST.10TH.10,,,,,,,,,,,,,,,,,,,,,,,,,,,,35.1,,,,,,,32,,,,,,,,31.9,32.4,30.8,32.8,29.6,28.2,29.4,29.2,29.3,30.5,30.5,30.6,31.6,33.5,32.1,31.9,32.6,
Tuvalu,TUV,Income share held by highest 10%,SI.DST.10TH.10,,,,,,,,,,,,,,,,,,,,,,,,,,,,,,,,,,,,,,,,,,,,,,,,,,,30.7,,,,,,,,,
Tanzania,TZA,Income share held by highest 10%,SI.DST.10TH.10,,,,,,,,,,,,,,,,,,,,,,,,,,,,,,,,27.1,,,,,,,,,28.9,,,,,,,31.9,,,,31,,,,,,33.1,,
Uganda,UGA,Income share held by highest 10%,SI.DST.10TH.10,,,,,,,,,,,,,,,,,,,,,,,,,,,,,,33.7,,,33.5,,,,31.3,,,34.9,,,37.5,,,34.5,,,,36.4,,,32.9,,,,34.2,,,
Ukraine,UKR,Income share held by highest 10%,SI.DST.10TH.10,,,,,,,,,,,,,,,,,,,,,,,,,,,,,,,,,22.9,23.2,,30.4,27.6,,,,,,23.2,23.3,23.1,23.2,24.1,22,21.9,21.2,21,20.7,20.8,21.1,20.6,21.6,21.2,21.7,22,
Upper middle income,UMC,Income share held by highest 10%,SI.DST.10TH.10,,,,,,,,,,,,,,,,,,,,,,,,,,,,,,,,,,,,,,,,,,,,,,,,,,,,,,,,,,,,
Uruguay,URY,Income share held by highest 10%,SI.DST.10TH.10,,,,,,,,,,,,,,,,,,,,,,,,,,,,,,,,,30.6,,,31.2,31.7,31.9,32.5,,32.3,33.6,34.1,34.2,34.6,33.5,35,35.4,34.3,34.5,33.6,31.6,29.2,30,29.8,29.8,29.6,29.6,29.7,
United States,USA,Income share held by highest 10%,SI.DST.10TH.10,,,,,,,,,,,,,,,26,,,,,25.3,,,,,,,26.8,,,,,27.6,,,29.7,,,30.4,,,30.3,,,,30.2,,,30.5,,,29.4,,,30.1,,,30.5,,,
Uzbekistan,UZB,Income share held by highest 10%,SI.DST.10TH.10,,,,,,,,,,,,,,,,,,,,,,,,,,,,,,,,,,,,,,,32.7,,28.6,,27.4,28.3,,,,,,,,,,,,,,,,
St. Vincent and the Grenadines,VCT,Income share held by highest 10%,SI.DST.10TH.10,,,,,,,,,,,,,,,,,,,,,,,,,,,,,,,,,,,,,,,,,,,,,,,,,,,,,,,,,,,,
"Venezuela, RB",VEN,Income share held by highest 10%,SI.DST.10TH.10,,,,,,,,,,,,,,,,,,,,,,43.4,,,,,,40.8,,33,,,31.7,,,35.8,,,36.5,36.2,,35.7,36.9,36.1,35.7,37.8,34.1,,,,,,,,,,,,,
British Virgin Islands,VGB,Income share held by highest 10%,SI.DST.10TH.10,,,,,,,,,,,,,,,,,,,,,,,,,,,,,,,,,,,,,,,,,,,,,,,,,,,,,,,,,,,,
Virgin Islands (U.S.),VIR,Income share held by highest 10%,SI.DST.10TH.10,,,,,,,,,,,,,,,,,,,,,,,,,,,,,,,,,,,,,,,,,,,,,,,,,,,,,,,,,,,,
Vietnam,VNM,Income share held by highest 10%,SI.DST.10TH.10,,,,,,,,,,,,,,,,,,,,,,,,,,,,,,,,,28.6,,,,,,29.1,,,,29.8,,28.8,,27.7,,28,,30.9,,27.7,,26.8,,27.1,,27.5,
Vanuatu,VUT,Income share held by highest 10%,SI.DST.10TH.10,,,,,,,,,,,,,,,,,,,,,,,,,,,,,,,,,,,,,,,,,,,,,,,,,,,29.4,,,,,,,,,
World,WLD,Income share held by highest 10%,SI.DST.10TH.10,,,,,,,,,,,,,,,,,,,,,,,,,,,,,,,,,,,,,,,,,,,,,,,,,,,,,,,,,,,,
Samoa,WSM,Income share held by highest 10%,SI.DST.10TH.10,,,,,,,,,,,,,,,,,,,,,,,,,,,,,,,,,,,,,,,,,,,32.5,,,,,,34.1,,,,,31.3,,,,,,
Kosovo,XKX,Income share held by highest 10%,SI.DST.10TH.10,,,,,,,,,,,,,,,,,,,,,,,,,,,,,,,,,,,,,,,,,,,,23.2,,24.2,24.1,,,25,25.7,22.3,23.5,21.9,22,21.5,21.8,24.6,,
"Yemen, Rep.",YEM,Income share held by highest 10%,SI.DST.10TH.10,,,,,,,,,,,,,,,,,,,,,,,,,,,,,,,,,,,,,,,26.8,,,,,,,28.6,,,,,,,,,29.4,,,,,
South Africa,ZAF,Income share held by highest 10%,SI.DST.10TH.10,,,,,,,,,,,,,,,,,,,,,,,,,,,,,,,,,,46.7,,,47.5,,,,44.9,,,,,54.2,,,51.3,,51.3,,,,50.5,,,,,
Zambia,ZMB,Income share held by highest 10%,SI.DST.10TH.10,,,,,,,,,,,,,,,,,,,,,,,,,,,,,,,,42.9,,39.3,,,37.3,,38.2,,,,33.7,,42.7,,43.2,,,,45.2,,,,,44.4,,,,
Zimbabwe,ZWE,Income share held by highest 10%,SI.DST.10TH.10,,,,,,,,,,,,,,,,,,,,,,,,,,,,,,,,,,,,,,,,,,,,,,,,,,,,33.8,,,,,,34.8,,